{"loss": 2.033203125, "acc": 53.125, "_timestamp": 1662395429.6503725, "_runtime": 37172.46136760712, "_step": 49397}