{"loss": 2.93359375, "acc": 31.25, "_timestamp": 1662380857.9648914, "_runtime": 2416.9588174819946, "_step": 2552}