{"loss": 1.1123046875, "acc": 75.0, "_timestamp": 1662395429.1297612, "_runtime": 14356.233597278595, "_step": 16085}